Año,Mes,Casos recibidos,Casos recibidos Hombres,Casos recibidos Mujeres,Reclamaciones,Reconsideraciones,Completadas,Completadas Hombres,Completadas Mujeres,Pendientes,Desactivadas,Tiempo de respuesta (días) - Reclamaciones,Tiempo de respuesta (días) - Reconsideraciones,Sin Decisión,Con Decisión,Total favorable/desfavorable,Favorable,Favorable Hombres,Favorable Mujeres,Desfavorable,Desfavorable Hombres,Desfavorable Mujeres,% Favorable,% Desfavorable,Desestimada,Inadmisible, Monto instruido a devolver a favor del Usuario ,Monto instruido a devolver a favor de Hombres,Monto instruido a devolver a favor de Mujeres,Promedio por caso,Reclamaciones que implicaron acreditación,Acreditación - Hombres,Acreditación - Mujeres
2020,ago,129,72,57,128,1,63,32,31,364,7,52.33333,52.33333,0,63,60,34,19,15,26,14,12,0.5666666666666667,0.43333333333333335,0,3,853775.81,390482.06,463293.75,34151.032400000004,25,12,13
2020,sep,184,95,89,184,0,63,35,21,480,5,66.14286,66.14286,1,55,47,39,23,16,8,6,2,0.8297872340425532,0.1702127659574468,1,8,897793.62,707547.37,190246.25,33251.61555555555,27,17,10
2020,oct,211,116,95,211,0,164,89,75,516,11,78.33537,78.33537,0,164,147,82,40,42,65,39,26,0.5578231292517006,0.4421768707482993,0,17,11105608.82,1155068.96,9950539.86,150075.79486486487,74,36,38
2020,nov,235,127,108,235,0,140,64,76,605,6,98.92857,98.92857,0,140,138,116,52,64,22,10,12,0.8405797101449275,0.15942028985507245,0,2,3875745.12,1223935.67,2651809.45,35557.29467889908,109,48,61
2020,dic,296,143,153,294,2,116,69,47,776,9,99.50862,99.50862,8,108,107,72,37,35,35,26,9,0.6728971962616822,0.32710280373831774,8,1,1853541.83,956627.35,896914.4800000001,45208.33731707317,41,19,22
2021,ene,285,139,146,281,4,97,50,47,951,13,92.34694,92.34694,5,93,91,80,39,41,11,6,5,0.8791208791208791,0.12087912087912088,4,2,1013796.25,223408.45,790387.8,20275.925,50,20,30
2021,feb,312,145,167,311,1,267,144,123,980,16,99.97753,99.97753,5,263,259,198,107,91,61,31,30,0.7644787644787645,0.23552123552123552,4,4,6918451.92,3601778.81,3316673.11,47713.461517241376,145,75,70
2021,mar,377,173,204,373,4,512,266,246,834,11,90.70817,90.70817,3,509,480,345,175,170,135,74,61,0.71875,0.28125,3,29,16423605.38,9025446.29,7398159.089999999,58446.99423487545,281,141,140
2021,abr,356,152,204,351,5,420,209,211,762,8,75.69359,75.69359,0,420,399,288,148,140,111,55,56,0.7218045112781954,0.2781954887218045,0,21,5758620.88,3623056.75,2135564.13,23600.90524590164,244,121,123
2021,may,370,152,218,285,85,493,266,227,618,21,51.79757,51.79757,2,491,476,352,192,160,124,65,59,0.7394957983193278,0.2605042016806723,2,15,8661451.52,4736017.029999999,3925434.49,29662.50520547945,292,153,139
2021,jun,374,162,212,319,55,362,190,172,621,9,59.77901,59.77901,2,360,342,256,141,115,86,44,42,0.7485380116959064,0.25146198830409355,2,18,5808375.41,2609674.41,3198701.0,29634.568418367347,196,97,99
2021,jul,415,182,233,365,50,566,337,229,467,3,45.98236,45.98236,4,562,536,400,233,167,136,90,46,0.746268656716418,0.2537313432835821,4,26,9695172.299999999,6093323.859999999,3601848.44,32103.219536423836,302,152,150
2021,ago,372,173,199,325,47,242,133,109,594,3,37.16942,37.16942,4,238,230,178,98,80,52,28,24,0.7739130434782608,0.22608695652173913,4,8,6248912.26,4424239.87,1824672.39,40057.129871794874,156,86,70
2021,sep,343,163,180,310,33,419,232,187,515,3,43.74048,43.74048,1,418,400,283,151,132,117,73,44,0.7075,0.2925,1,18,6742477.060000001,2503999.01,4238478.05,28569.818050847465,236,117,119
2021,oct,308,123,185,263,45,352,190,162,471,0,43.64205,43.64205,2,350,324,237,123,114,87,47,40,0.7314814814814815,0.26851851851851855,2,26,6028873.17,4127621.609999999,1901251.56,28708.919857142857,210,106,104
2021,nov,371,178,193,346,25,344,191,153,497,1,41.54651,41.54651,7,337,321,226,122,104,95,55,40,0.7040498442367601,0.29595015576323985,7,16,5231782.15,2687693.81,2544088.339999999,24333.87046511628,215,112,103
2021,dic,341,177,164,316,25,289,157,132,546,3,43.43945,43.43945,6,283,271,179,93,86,92,55,37,0.6605166051660517,0.33948339483394835,6,12,28843245.89,4264951.27,24578294.62,206023.18492857143,140,61,79
2022,ene,381,205,176,357,24,378,172,206,545,4,52.25661,52.25661,2,376,358,255,103,152,103,60,43,0.7122905027932961,0.2877094972067039,2,18,8331582.85,3948448.64,4383134.210000001,35453.54404255319,235,92,143
2022,feb,430,234,196,400,30,379,207,172,595,1,39.62533,39.62533,2,377,353,227,120,107,126,73,53,0.6430594900849859,0.35694050991501414,2,24,8463887.58,4096901.54,4366986.04,42319.4379,200,95,105
2022,mar,464,270,194,399,65,542,301,241,512,5,38.49631,38.49631,5,537,505,360,199,161,145,83,62,0.7128712871287128,0.2871287128712871,5,32,11194112.38,5443143.88,5750968.5,34764.32416149069,322,166,156
2022,abr,422,254,168,346,76,389,223,166,541,4,36.8329,36.8329,5,384,360,258,145,113,102,63,39,0.7166666666666667,0.2833333333333333,5,24,12238151.93,7327183.030000001,4910968.899999999,58000.72004739336,211,109,102
2022,may,414,242,172,332,82,370,224,146,584,1,36.90617,36.90617,4,367,346,269,166,103,77,45,32,0.7774566473988439,0.22254335260115607,3,21,8509012.200000001,5973432.25,2535579.95,39761.739252336454,214,116,98
2022,jun,373,216,157,319,54,496,273,223,460,1,40.36492,40.36492,12,489,457,324,178,146,133,71,62,0.7089715536105032,0.2910284463894967,7,32,8166317.65,3756571.41,4409746.24,33745.11425619835,242,118,124
2022,jul,436,235,201,366,70,410,259,151,486,0,36.49512,36.49512,21,403,376,245,153,92,131,83,48,0.651595744680851,0.3484042553191489,7,27,5900406.989999999,3252929.69,2647477.3,35544.62042168674,166,87,79
2022,ago,502,286,216,425,77,368,204,164,618,2,34.22826,34.22826,11,359,332,207,108,99,125,76,49,0.6234939759036144,0.37650602409638556,9,27,5841034.98,2759016.72,3082018.26,35186.95771084337,166,72,94
2022,sep,419,220,199,374,45,460,259,201,575,2,40.19783,40.19783,6,457,436,264,153,111,172,92,80,0.6055045871559633,0.3944954128440367,3,21,9836097.38,6212616.36,3623481.02,52042.84328042329,189,90,99
2022,oct,457,258,199,395,62,470,249,221,561,1,39.98936,39.98936,6,464,435,274,146,128,161,86,75,0.6298850574712643,0.3701149425287356,6,29,12994141.9,6547625.53,6446516.37,58009.56205357143,224,107,117
2022,nov,434,239,195,360,74,457,249,208,536,2,37.29978,37.29978,5,452,435,281,147,134,154,89,65,0.6459770114942529,0.35402298850574715,5,17,8955680.36,5241096.960000001,3714583.4,40893.51762557077,219,105,114
2022,dic,408,225,183,347,61,361,206,155,583,0,40.33978,40.33978,8,353,329,211,123,88,118,67,51,0.6413373860182371,0.3586626139817629,8,24,13982907.606,9728320.249999998,4254587.356,89063.10577070064,157,76,81
2023,ene,527,272,255,474,53,467,255,212,645,2,41.55437,41.55437,10,459,441,286,157,129,155,84,71,0.6485260770975056,0.35147392290249435,8,18,13243910.05,4906314.33,8337595.719999999,57582.21760869565,230,116,114
2023,feb,462,237,225,431,31,663,327,336,444,0,31.57164,31.57164,11,652,629,470,230,240,159,74,85,0.7472178060413355,0.2527821939586645,12,22,42539589.575,27138238.77,15401350.805,101284.73708333334,420,192,228
2023,mar,510,257,253,461,49,502,274,228,452,0,29.06362,29.06362,5,497,473,281,148,133,192,111,81,0.5940803382663847,0.4059196617336152,5,24,11019161.32,5892142.49,5127018.83,44793.33869918699,246,121,125
2023,abr,373,215,158,339,34,365,201,164,460,0,31.82065,31.82065,8,357,338,214,125,89,124,60,64,0.6331360946745562,0.3668639053254438,0,19,7102795.24,4171095.18,2931700.06,39903.34404494382,178,101,77
2023,may,445,259,186,395,50,390,210,180,513,1,32.30256,32.30256,8,382,361,226,117,109,135,78,57,0.6260387811634349,0.3739612188365651,0,21,7971624.6,5590242.779999999,2381381.82,39858.123,200,99,101
2023,jun,342,203,139,302,40,452,256,196,402,0,34.40708,34.40708,4,448,433,256,147,109,177,98,79,0.5912240184757506,0.40877598152424943,0,15,10508120.82,7323109.7,3185011.12,50278.09004784689,209,111,98
2023,jul,409,239,170,356,53,325,186,139,485,0,33.59076923076923,33.59076923076923,5,320,310,199,112,87,111,64,47,0.6419354838709678,0.3580645161290323,0,10,12238583.92,8327949.98,3910633.939999999,78958.60593548387,155,77,78
2023,ago,367,198,169,326,41,332,192,140,515,5,39.29518072289157,39.29518072289157,9,323,315,199,115,84,116,70,46,0.6317460317460317,0.3682539682539683,0,8,7864081.16,3707660.67,4156420.49,45721.40209302326,172,89,83
2023,sep,354,205,149,302,52,326,190,136,536,3,42.29878048780488,42.29878048780488,8,320,306,196,119,77,110,58,52,0.6405228758169934,0.35947712418300654,0,13,5696969.359999999,3813162.899999999,1883806.46,35606.0585,160,89,71
2023,oct,440,256,184,391,49,464,259,205,511,1,39.87284482758621,39.87284482758621,8,456,446,284,161,123,162,88,74,0.6367713004484304,0.3632286995515695,0,10,11384587.45,6142103.42,6373817.99,46850.15411522633,243,120,115
2023,nov,404,239,165,351,53,378,228,150,534,3,36.97883597883598,36.97883597883598,3,375,367,230,144,86,137,78,59,0.6267029972752044,0.37329700272479566,0,8,8513280.92999999,4040664.79,5105749.57,41528.19965853654,205,118,79
2023,dic,406,248,158,343,63,313,176,137,625,2,36.96805111821087,36.96805111821087,10,303,295,175,100,75,120,64,56,0.5932203389830508,0.4067796610169492,0,8,4932488.556,3097863.31,2245720.466,31618.516384615385,156,80,66
2024,ene,553,307,246,489,64,559,337,222,599,4,41.54301075,41.54301075,19,539,528,331,210,121,197,108,89,0.6268939393939394,0.3731060606060606,19,16,20726540.19,11784355.46,8942184.73,80335.42709302326,258,146,112
2024,feb,483,283,200,420,63,393,219,174,687,2,36.33673469,36.33673469,5,387,375,242,138,104,133,73,60,0.6453333333333333,0.3546666666666667,5,12,9986476.51,6205510.18,3780966.33,47554.65004761905,210,110,100
2024,mar,379,226,153,319,60,263,150,113,798,5,43.77480916,43.77480916,7,255,238,163,97,66,75,36,39,0.6848739495798319,0.31512605042016806,7,17,7205491.74,3945935.65,3259556.09,51838.07007194245,139,75,64
2024,abr,518,317,201,424,94,621,369,252,690,5,50.87761675,50.87761675,7,614,599,419,260,159,180,92,88,0.6994991652754591,0.3005008347245409,7,15,17624757.01,10501086.41,7123670.6,54397.39817901235,324,180,144
2024,may,584,325,259,512,72,473,281,192,797,4,43.39957717,43.39957717,4,469,454,299,189,110,155,83,72,0.6585903083700441,0.34140969162995594,4,15,15475725.24,8875683.03,6600042.21,67579.58620087337,229,122,107
2024,jun,531,312,219,452,79,397,238,159,929,2,43.390625,43.390625,2,382,375,248,150,98,127,71,56,0.6613333333333333,0.33866666666666667,15,7,9809790.52,6981601.21,2828189.31,50306.61805128205,195,102,93
2024,jul,558,316,242,481,77,650,406,244,836,1,48.87293729,48.87293729,6,600,590,392,234,158,198,116,82,0.6644067796610169,0.33559322033898303,50,10,18049615.0,9379846.97,8669768.03,58412.99352750809,309,162,147
2024,ago,539,314,225,462,77,429,251,178,949,0,49.03274559,49.03274559,5,392,381,249,140,109,132,69,63,0.6535433070866141,0.3464566929133858,37,8,10844345.03,5506187.17,5338157.86,51639.73823809523,210,109,101
2024,sep,543,299,244,491,52,324,164,160,1167,1,54.83024691,54.83024691,5,319,317,192,98,94,125,63,62,0.6056782334384858,0.3943217665615142,5,2,7492385.45,4026530.78,3465854.67,45408.39666666667,165,85,80
2024,oct,655,366,289,611,44,321,178,143,1494,7,67.04,67.04,6,315,307,180,94,86,127,77,50,0.5863192182410424,0.41368078175895767,7,7,7464207.352,4424889.502,3039317.85,44166.90740828402,169,84,85
2024,nov,453,250,203,423,30,427,235,192,1519,1,78.21,78.21,15,412,402,261,142,119,141,77,64,0.6492537313432836,0.35074626865671643,20,5,8562383.574,6015263.277,2547120.297,36906.825749999996,232,122,110
2024,dic,394,235,159,356,38,528,305,223,1380,5,65.92,65.92,15,513,502,291,183,108,211,110,101,0.5796812749003984,0.4203187250996016,23,3,12842101.59,7008612.229,5833489.362,48097.75876404494,267,164,103
2025,ene,645,338,303,583,58,607,338,269,1210,4,74.0,84.0,14,580,580,395,216,179,185,110,75,0.6810344827586207,0.31896551724137934,14,11,16113839.959329,9161242.689329,6952597.27,45263.59539137359,366,186,180
2025,feb,559,299,257,510,46,649,350,299,1117,3,80.0,65.0,19,620,620,418,223,195,202,114,88,0.6741935483870968,0.3258064516129032,19,9,13841154.18,7596025.03,6245129.15,35951.04981818182,393,197,196
2025,mar,738,404,327,656,75,734,392,342,1114,7,63.0,57.0,27,691,691,452,246,206,239,118,121,0.6541244573082489,0.3458755426917511,27,15,18832620.58,10478964.53,8353656.05,48537.68190721649,410,204,206
2025,abr,589,329,260,524,62,651,371,280,1040,3,51.0,43.64,21,630,264,162,223,162,102,126,102,0.6280587275693311,0.3719412724306688,0,17,15309117.74,7382663.16,7926454.58,44632.99632653061,353,195,158
2025,may,676,382,294,605,70,807,462,345,908,1,46.0,42.51,31,776,313,187,282,187,126,157,126,0.6236702127659575,0.37632978723404253,0,24,22849135.63,16429084.86,6420050.77,54925.80680288461,427,241,186
2025,jun,654,378,276,556,94,542,297,245,1016,4,64.0,36.7,18,524,233,125,162,125,108,115,108,0.5627450980392157,0.4372549019607843,0,12,10889608.41,6944504.11,3945104.3,40331.883,274,149,125
2025,jul,694,381,313,612,79,601,340,261,1195,3,55.17,36.7,25,576,239,144,211,144,95,110,95,0.6339285714285714,0.36607142857142855,0,16,22414129.3,16388634.39,6025494.91,71155.96603174604,321,177,144
2025,ago,593,312,281,535,50,427,242,185,1353,8,67.83,43.96,15,412,169,100,156,100,69,75,69,0.64,0.36,0,12,11957360.94,9027178.13,2930182.81,58614.51441176471,213,112,101
2025,sep,583,313,269,537,41,599,333,266,1332,5,68.44,34.23,24,575,244,138,190,138,106,123,106,0.5888689407540395,0.4111310592459605,0,18,10201635.622633,6682740.5550145,3518895.0676185,34233.67658601678,305,167,138
2025,oct,572,317,255,495,73,709,393,316,964,4,62.2,31.3,24,685,292,158,183,158,134,185,134,0.5166666666666667,0.48333333333333334,0,25,13096955.05,7577917.67,5519037.38,42112.39565916399,311,154,157
2025,nov,533,274,259,476,54,378,191,187,1116,3,83.2,26.8,14,364,174,105,124,105,69,60,69,0.6396648044692738,0.36033519553072624,1,6,8028882.15,3739578.25,4289303.89,39357.265441176474,204,101,103
2025,dic,612,348,264,545,62,743,408,335,980,5,62.2,33.1,33,710,309,175,205,175,134,168,134,0.5571847507331378,0.44281524926686217,0,28,12149606.56,7303148.33,4846458.23,36267.48226865672,335,176,159
2026,ene,667,373,292,595,70,466,279,263,1054,2,71.0,42.0,24,442,496,326,176,150,170,76,94,0.7761904761904762,0.22380952380952382,1,22,10785702.11,6330566.24,4455135.87,38937.55274368231,277,134,143
2026,feb,596,337,258,539,56,540,405,280,1109,1,65.0,35.0,17,523,647,390,235,155,257,145,112,0.7768924302788844,0.22310756972111553,2,21,11109644.58,7408357.01,3701287.57,38177.47278350515,291,196,146
2026,mar,707,364,340,605,99,607,355,252,1206,3,62.0,30.0,16,591,573,318,187,131,255,152,103,0.5549738219895288,0.44502617801047123,4,18,11320146.86,7076096.83,4244050.03,33099.84461988304,342,157,134
